--
-- PostgreSQL database dump
--

-- Dumped from database version 12.1
-- Dumped by pg_dump version 12.1

SET statement_timeout = 0;
SET lock_timeout = 0;
SET idle_in_transaction_session_timeout = 0;
SET client_encoding = 'UTF8';
SET standard_conforming_strings = on;
SELECT pg_catalog.set_config('search_path', '', false);
SET check_function_bodies = false;
SET xmloption = content;
SET client_min_messages = warning;
SET row_security = off;

SET default_tablespace = '';

SET default_table_access_method = heap;

--
-- Name: ar_internal_metadata; Type: TABLE; Schema: public; Owner: erinjohnson
--

CREATE TABLE public.ar_internal_metadata (
    key character varying NOT NULL,
    value character varying,
    created_at timestamp(6) without time zone NOT NULL,
    updated_at timestamp(6) without time zone NOT NULL
);


ALTER TABLE public.ar_internal_metadata OWNER TO erinjohnson;

--
-- Name: artwork_contents; Type: TABLE; Schema: public; Owner: erinjohnson
--

CREATE TABLE public.artwork_contents (
    id bigint NOT NULL,
    content_id bigint NOT NULL,
    artwork_id bigint NOT NULL,
    score double precision,
    confidence double precision,
    topicality double precision,
    created_at timestamp(6) without time zone NOT NULL,
    updated_at timestamp(6) without time zone NOT NULL
);


ALTER TABLE public.artwork_contents OWNER TO erinjohnson;

--
-- Name: artwork_contents_id_seq; Type: SEQUENCE; Schema: public; Owner: erinjohnson
--

CREATE SEQUENCE public.artwork_contents_id_seq
    START WITH 1
    INCREMENT BY 1
    NO MINVALUE
    NO MAXVALUE
    CACHE 1;


ALTER TABLE public.artwork_contents_id_seq OWNER TO erinjohnson;

--
-- Name: artwork_contents_id_seq; Type: SEQUENCE OWNED BY; Schema: public; Owner: erinjohnson
--

ALTER SEQUENCE public.artwork_contents_id_seq OWNED BY public.artwork_contents.id;


--
-- Name: artwork_exhibitions; Type: TABLE; Schema: public; Owner: erinjohnson
--

CREATE TABLE public.artwork_exhibitions (
    id bigint NOT NULL,
    artwork_id bigint NOT NULL,
    exhibition_id bigint NOT NULL
);


ALTER TABLE public.artwork_exhibitions OWNER TO erinjohnson;

--
-- Name: artwork_exhibitions_id_seq; Type: SEQUENCE; Schema: public; Owner: erinjohnson
--

CREATE SEQUENCE public.artwork_exhibitions_id_seq
    START WITH 1
    INCREMENT BY 1
    NO MINVALUE
    NO MAXVALUE
    CACHE 1;


ALTER TABLE public.artwork_exhibitions_id_seq OWNER TO erinjohnson;

--
-- Name: artwork_exhibitions_id_seq; Type: SEQUENCE OWNED BY; Schema: public; Owner: erinjohnson
--

ALTER SEQUENCE public.artwork_exhibitions_id_seq OWNED BY public.artwork_exhibitions.id;


--
-- Name: artworks; Type: TABLE; Schema: public; Owner: erinjohnson
--

CREATE TABLE public.artworks (
    id bigint NOT NULL,
    artist character varying,
    title character varying,
    medium character varying,
    description text,
    collection character varying,
    location character varying,
    image_url character varying,
    image_copyright character varying,
    permalink character varying,
    origin_id character varying,
    created_at timestamp(6) without time zone NOT NULL,
    updated_at timestamp(6) without time zone NOT NULL
);


ALTER TABLE public.artworks OWNER TO erinjohnson;

--
-- Name: artworks_id_seq; Type: SEQUENCE; Schema: public; Owner: erinjohnson
--

CREATE SEQUENCE public.artworks_id_seq
    START WITH 1
    INCREMENT BY 1
    NO MINVALUE
    NO MAXVALUE
    CACHE 1;


ALTER TABLE public.artworks_id_seq OWNER TO erinjohnson;

--
-- Name: artworks_id_seq; Type: SEQUENCE OWNED BY; Schema: public; Owner: erinjohnson
--

ALTER SEQUENCE public.artworks_id_seq OWNED BY public.artworks.id;


--
-- Name: contents; Type: TABLE; Schema: public; Owner: erinjohnson
--

CREATE TABLE public.contents (
    id bigint NOT NULL,
    description character varying,
    created_at timestamp(6) without time zone NOT NULL,
    updated_at timestamp(6) without time zone NOT NULL
);


ALTER TABLE public.contents OWNER TO erinjohnson;

--
-- Name: contents_id_seq; Type: SEQUENCE; Schema: public; Owner: erinjohnson
--

CREATE SEQUENCE public.contents_id_seq
    START WITH 1
    INCREMENT BY 1
    NO MINVALUE
    NO MAXVALUE
    CACHE 1;


ALTER TABLE public.contents_id_seq OWNER TO erinjohnson;

--
-- Name: contents_id_seq; Type: SEQUENCE OWNED BY; Schema: public; Owner: erinjohnson
--

ALTER SEQUENCE public.contents_id_seq OWNED BY public.contents.id;


--
-- Name: exhibition_likes; Type: TABLE; Schema: public; Owner: erinjohnson
--

CREATE TABLE public.exhibition_likes (
    id bigint NOT NULL,
    user_id bigint NOT NULL,
    exhibition_id bigint NOT NULL
);


ALTER TABLE public.exhibition_likes OWNER TO erinjohnson;

--
-- Name: exhibition_likes_id_seq; Type: SEQUENCE; Schema: public; Owner: erinjohnson
--

CREATE SEQUENCE public.exhibition_likes_id_seq
    START WITH 1
    INCREMENT BY 1
    NO MINVALUE
    NO MAXVALUE
    CACHE 1;


ALTER TABLE public.exhibition_likes_id_seq OWNER TO erinjohnson;

--
-- Name: exhibition_likes_id_seq; Type: SEQUENCE OWNED BY; Schema: public; Owner: erinjohnson
--

ALTER SEQUENCE public.exhibition_likes_id_seq OWNED BY public.exhibition_likes.id;


--
-- Name: exhibitions; Type: TABLE; Schema: public; Owner: erinjohnson
--

CREATE TABLE public.exhibitions (
    id bigint NOT NULL,
    user_id bigint NOT NULL,
    summary character varying,
    title character varying,
    description text,
    public boolean,
    created_at timestamp(6) without time zone NOT NULL,
    updated_at timestamp(6) without time zone NOT NULL
);


ALTER TABLE public.exhibitions OWNER TO erinjohnson;

--
-- Name: exhibitions_id_seq; Type: SEQUENCE; Schema: public; Owner: erinjohnson
--

CREATE SEQUENCE public.exhibitions_id_seq
    START WITH 1
    INCREMENT BY 1
    NO MINVALUE
    NO MAXVALUE
    CACHE 1;


ALTER TABLE public.exhibitions_id_seq OWNER TO erinjohnson;

--
-- Name: exhibitions_id_seq; Type: SEQUENCE OWNED BY; Schema: public; Owner: erinjohnson
--

ALTER SEQUENCE public.exhibitions_id_seq OWNED BY public.exhibitions.id;


--
-- Name: relationships; Type: TABLE; Schema: public; Owner: erinjohnson
--

CREATE TABLE public.relationships (
    id bigint NOT NULL,
    follower_id integer,
    followed_id integer,
    created_at timestamp(6) without time zone NOT NULL,
    updated_at timestamp(6) without time zone NOT NULL
);


ALTER TABLE public.relationships OWNER TO erinjohnson;

--
-- Name: relationships_id_seq; Type: SEQUENCE; Schema: public; Owner: erinjohnson
--

CREATE SEQUENCE public.relationships_id_seq
    START WITH 1
    INCREMENT BY 1
    NO MINVALUE
    NO MAXVALUE
    CACHE 1;


ALTER TABLE public.relationships_id_seq OWNER TO erinjohnson;

--
-- Name: relationships_id_seq; Type: SEQUENCE OWNED BY; Schema: public; Owner: erinjohnson
--

ALTER SEQUENCE public.relationships_id_seq OWNED BY public.relationships.id;


--
-- Name: schema_migrations; Type: TABLE; Schema: public; Owner: erinjohnson
--

CREATE TABLE public.schema_migrations (
    version character varying NOT NULL
);


ALTER TABLE public.schema_migrations OWNER TO erinjohnson;

--
-- Name: users; Type: TABLE; Schema: public; Owner: erinjohnson
--

CREATE TABLE public.users (
    id bigint NOT NULL,
    first_name character varying,
    last_name character varying,
    email character varying,
    password_digest character varying,
    biography text,
    public boolean,
    created_at timestamp(6) without time zone NOT NULL,
    updated_at timestamp(6) without time zone NOT NULL
);


ALTER TABLE public.users OWNER TO erinjohnson;

--
-- Name: users_id_seq; Type: SEQUENCE; Schema: public; Owner: erinjohnson
--

CREATE SEQUENCE public.users_id_seq
    START WITH 1
    INCREMENT BY 1
    NO MINVALUE
    NO MAXVALUE
    CACHE 1;


ALTER TABLE public.users_id_seq OWNER TO erinjohnson;

--
-- Name: users_id_seq; Type: SEQUENCE OWNED BY; Schema: public; Owner: erinjohnson
--

ALTER SEQUENCE public.users_id_seq OWNED BY public.users.id;


--
-- Name: artwork_contents id; Type: DEFAULT; Schema: public; Owner: erinjohnson
--

ALTER TABLE ONLY public.artwork_contents ALTER COLUMN id SET DEFAULT nextval('public.artwork_contents_id_seq'::regclass);


--
-- Name: artwork_exhibitions id; Type: DEFAULT; Schema: public; Owner: erinjohnson
--

ALTER TABLE ONLY public.artwork_exhibitions ALTER COLUMN id SET DEFAULT nextval('public.artwork_exhibitions_id_seq'::regclass);


--
-- Name: artworks id; Type: DEFAULT; Schema: public; Owner: erinjohnson
--

ALTER TABLE ONLY public.artworks ALTER COLUMN id SET DEFAULT nextval('public.artworks_id_seq'::regclass);


--
-- Name: contents id; Type: DEFAULT; Schema: public; Owner: erinjohnson
--

ALTER TABLE ONLY public.contents ALTER COLUMN id SET DEFAULT nextval('public.contents_id_seq'::regclass);


--
-- Name: exhibition_likes id; Type: DEFAULT; Schema: public; Owner: erinjohnson
--

ALTER TABLE ONLY public.exhibition_likes ALTER COLUMN id SET DEFAULT nextval('public.exhibition_likes_id_seq'::regclass);


--
-- Name: exhibitions id; Type: DEFAULT; Schema: public; Owner: erinjohnson
--

ALTER TABLE ONLY public.exhibitions ALTER COLUMN id SET DEFAULT nextval('public.exhibitions_id_seq'::regclass);


--
-- Name: relationships id; Type: DEFAULT; Schema: public; Owner: erinjohnson
--

ALTER TABLE ONLY public.relationships ALTER COLUMN id SET DEFAULT nextval('public.relationships_id_seq'::regclass);


--
-- Name: users id; Type: DEFAULT; Schema: public; Owner: erinjohnson
--

ALTER TABLE ONLY public.users ALTER COLUMN id SET DEFAULT nextval('public.users_id_seq'::regclass);


--
-- Data for Name: ar_internal_metadata; Type: TABLE DATA; Schema: public; Owner: erinjohnson
--

COPY public.ar_internal_metadata (key, value, created_at, updated_at) FROM stdin;
environment	development	2020-04-20 19:00:07.704996	2020-04-20 19:00:07.704996
\.


--
-- Data for Name: artwork_contents; Type: TABLE DATA; Schema: public; Owner: erinjohnson
--

COPY public.artwork_contents (id, content_id, artwork_id, score, confidence, topicality, created_at, updated_at) FROM stdin;
1	1	2	0.9183053374290466	0	0.9183053374290466	2020-04-20 19:05:24.452871	2020-04-20 19:05:24.452871
2	2	2	0.9147133231163025	0	0.9147133231163025	2020-04-20 19:05:24.472844	2020-04-20 19:05:24.472844
3	3	2	0.9045462608337402	0	0.9045462608337402	2020-04-20 19:05:24.488149	2020-04-20 19:05:24.488149
4	4	2	0.8451838493347168	0	0.8451838493347168	2020-04-20 19:05:24.505965	2020-04-20 19:05:24.505965
5	5	2	0.7671621441841125	0	0.7671621441841125	2020-04-20 19:05:24.524157	2020-04-20 19:05:24.524157
6	6	2	0.5547034740447998	0	0.5547034740447998	2020-04-20 19:05:24.54248	2020-04-20 19:05:24.54248
7	7	2	0.5040763020515442	0	0.5040763020515442	2020-04-20 19:05:24.55781	2020-04-20 19:05:24.55781
8	2	3	0.8963514566421509	0	0.8963514566421509	2020-04-20 19:12:25.316402	2020-04-20 19:12:25.316402
9	4	3	0.8063142895698547	0	0.8063142895698547	2020-04-20 19:12:25.32373	2020-04-20 19:12:25.32373
10	3	3	0.7669253349304199	0	0.7669253349304199	2020-04-20 19:12:25.331085	2020-04-20 19:12:25.331085
11	8	3	0.5700144171714783	0	0.5700144171714783	2020-04-20 19:12:25.347148	2020-04-20 19:12:25.347148
12	9	3	0.5196043252944946	0	0.5196043252944946	2020-04-20 19:12:25.365903	2020-04-20 19:12:25.365903
13	2	4	0.8132379651069641	0	0.8132379651069641	2020-04-20 19:13:59.291384	2020-04-20 19:13:59.291384
14	3	4	0.6946530342102051	0	0.6946530342102051	2020-04-20 19:13:59.301126	2020-04-20 19:13:59.301126
15	4	4	0.6855072379112244	0	0.6855072379112244	2020-04-20 19:13:59.309448	2020-04-20 19:13:59.309448
16	10	4	0.5560272336006165	0	0.5560272336006165	2020-04-20 19:13:59.335091	2020-04-20 19:13:59.335091
17	2	5	0.9757471084594727	0	0.9757471084594727	2020-04-20 19:14:44.805016	2020-04-20 19:14:44.805016
18	11	5	0.9677754044532776	0	0.9677754044532776	2020-04-20 19:14:44.821023	2020-04-20 19:14:44.821023
19	12	5	0.9283815026283264	0	0.9283815026283264	2020-04-20 19:14:44.840166	2020-04-20 19:14:44.840166
20	3	5	0.8477197885513306	0	0.8477197885513306	2020-04-20 19:14:44.853589	2020-04-20 19:14:44.853589
21	4	5	0.808642566204071	0	0.808642566204071	2020-04-20 19:14:44.873915	2020-04-20 19:14:44.873915
22	13	5	0.6205405592918396	0	0.6205405592918396	2020-04-20 19:14:44.884408	2020-04-20 19:14:44.884408
23	14	5	0.5961909294128418	0	0.5961909294128418	2020-04-20 19:14:44.901164	2020-04-20 19:14:44.901164
24	1	5	0.518736720085144	0	0.518736720085144	2020-04-20 19:14:44.913639	2020-04-20 19:14:44.913639
25	2	6	0.9459132552146912	0	0.9459132552146912	2020-04-20 19:15:22.253573	2020-04-20 19:15:22.253573
26	3	6	0.8561474680900574	0	0.8561474680900574	2020-04-20 19:15:22.263381	2020-04-20 19:15:22.263381
27	15	6	0.7515080571174622	0	0.7515080571174622	2020-04-20 19:15:22.273927	2020-04-20 19:15:22.273927
28	4	6	0.7388786673545837	0	0.7388786673545837	2020-04-20 19:15:22.286927	2020-04-20 19:15:22.286927
29	16	6	0.6427465081214905	0	0.6427465081214905	2020-04-20 19:15:22.298083	2020-04-20 19:15:22.298083
30	12	6	0.5159003138542175	0	0.5159003138542175	2020-04-20 19:15:22.310615	2020-04-20 19:15:22.310615
31	7	6	0.5040763020515442	0	0.5040763020515442	2020-04-20 19:15:22.325619	2020-04-20 19:15:22.325619
32	2	7	0.9591718316078186	0	0.9591718316078186	2020-04-20 19:16:08.627168	2020-04-20 19:16:08.627168
33	9	7	0.8971348404884338	0	0.8971348404884338	2020-04-20 19:16:08.637355	2020-04-20 19:16:08.637355
34	3	7	0.893053412437439	0	0.893053412437439	2020-04-20 19:16:08.647073	2020-04-20 19:16:08.647073
35	17	7	0.7604844570159912	0	0.7604844570159912	2020-04-20 19:16:08.676039	2020-04-20 19:16:08.676039
36	18	7	0.7578381896018982	0	0.7578381896018982	2020-04-20 19:16:08.695543	2020-04-20 19:16:08.695543
37	7	7	0.6912711262702942	0	0.6912711262702942	2020-04-20 19:16:08.71291	2020-04-20 19:16:08.71291
38	19	7	0.5947862267494202	0	0.5947862267494202	2020-04-20 19:16:08.72187	2020-04-20 19:16:08.72187
39	20	7	0.5678777694702148	0	0.5678777694702148	2020-04-20 19:16:08.736492	2020-04-20 19:16:08.736492
40	4	7	0.5502874255180359	0	0.5502874255180359	2020-04-20 19:16:08.743688	2020-04-20 19:16:08.743688
41	21	7	0.504542887210846	0	0.504542887210846	2020-04-20 19:16:08.757169	2020-04-20 19:16:08.757169
42	9	8	0.9222525358200073	0	0.9222525358200073	2020-04-20 19:19:05.375599	2020-04-20 19:19:05.375599
43	22	8	0.8184277415275574	0	0.8184277415275574	2020-04-20 19:19:05.389664	2020-04-20 19:19:05.389664
44	23	8	0.8091674447059631	0	0.8091674447059631	2020-04-20 19:19:05.39809	2020-04-20 19:19:05.39809
45	2	8	0.7745171189308167	0	0.7745171189308167	2020-04-20 19:19:05.402474	2020-04-20 19:19:05.402474
46	3	8	0.761177122592926	0	0.761177122592926	2020-04-20 19:19:05.414782	2020-04-20 19:19:05.414782
47	24	8	0.6271761655807495	0	0.6271761655807495	2020-04-20 19:19:05.429751	2020-04-20 19:19:05.429751
48	25	8	0.6242249608039856	0	0.6242249608039856	2020-04-20 19:19:05.441944	2020-04-20 19:19:05.441944
49	2	9	0.927041232585907	0	0.927041232585907	2020-04-20 19:22:59.054655	2020-04-20 19:22:59.054655
50	3	9	0.864031195640564	0	0.864031195640564	2020-04-20 19:22:59.063221	2020-04-20 19:22:59.063221
51	4	9	0.8371904492378235	0	0.8371904492378235	2020-04-20 19:22:59.070736	2020-04-20 19:22:59.070736
52	26	9	0.6273695826530457	0	0.6273695826530457	2020-04-20 19:22:59.079128	2020-04-20 19:22:59.079128
53	27	9	0.6112298369407654	0	0.6112298369407654	2020-04-20 19:22:59.095034	2020-04-20 19:22:59.095034
54	28	9	0.5282806754112244	0	0.5282806754112244	2020-04-20 19:22:59.1051	2020-04-20 19:22:59.1051
55	29	10	0.9312721490859985	0	0.9312721490859985	2020-04-20 19:23:43.601712	2020-04-20 19:23:43.601712
56	2	10	0.8826133012771606	0	0.8826133012771606	2020-04-20 19:23:43.613257	2020-04-20 19:23:43.613257
57	3	10	0.7669253349304199	0	0.7669253349304199	2020-04-20 19:23:43.619308	2020-04-20 19:23:43.619308
58	4	10	0.7216197848320007	0	0.7216197848320007	2020-04-20 19:23:43.624277	2020-04-20 19:23:43.624277
59	30	10	0.5020116567611694	0	0.5020116567611694	2020-04-20 19:23:43.645984	2020-04-20 19:23:43.645984
60	2	12	0.8801214694976807	0	0.8801214694976807	2020-04-20 19:24:59.170272	2020-04-20 19:24:59.170272
61	9	12	0.8061800003051758	0	0.8061800003051758	2020-04-20 19:24:59.177584	2020-04-20 19:24:59.177584
62	3	12	0.7669253349304199	0	0.7669253349304199	2020-04-20 19:24:59.184709	2020-04-20 19:24:59.184709
63	7	12	0.5040763020515442	0	0.5040763020515442	2020-04-20 19:24:59.19548	2020-04-20 19:24:59.19548
64	2	13	0.9779534935951233	0	0.9779534935951233	2020-04-20 19:25:37.264387	2020-04-20 19:25:37.264387
65	3	13	0.8979217410087585	0	0.8979217410087585	2020-04-20 19:25:37.270432	2020-04-20 19:25:37.270432
66	9	13	0.7673521637916565	0	0.7673521637916565	2020-04-20 19:25:37.277545	2020-04-20 19:25:37.277545
67	4	13	0.7527475953102112	0	0.7527475953102112	2020-04-20 19:25:37.287987	2020-04-20 19:25:37.287987
68	28	13	0.5813664197921753	0	0.5813664197921753	2020-04-20 19:25:37.293948	2020-04-20 19:25:37.293948
69	1	13	0.5737524032592773	0	0.5737524032592773	2020-04-20 19:25:37.305301	2020-04-20 19:25:37.305301
70	31	13	0.5446068644523621	0	0.5446068644523621	2020-04-20 19:25:37.326913	2020-04-20 19:25:37.326913
71	32	13	0.5212616920471191	0	0.5212616920471191	2020-04-20 19:25:37.345326	2020-04-20 19:25:37.345326
72	14	13	0.5107235908508301	0	0.5107235908508301	2020-04-20 19:25:37.357576	2020-04-20 19:25:37.357576
73	2	14	0.9247007966041565	0	0.9247007966041565	2020-04-20 19:26:40.243238	2020-04-20 19:26:40.243238
74	3	14	0.7930898666381836	0	0.7930898666381836	2020-04-20 19:26:40.252367	2020-04-20 19:26:40.252367
75	33	14	0.7723833322525024	0	0.7723833322525024	2020-04-20 19:26:40.262116	2020-04-20 19:26:40.262116
76	4	14	0.7307537198066711	0	0.7307537198066711	2020-04-20 19:26:40.273002	2020-04-20 19:26:40.273002
77	9	14	0.7133711576461792	0	0.7133711576461792	2020-04-20 19:26:40.280571	2020-04-20 19:26:40.280571
78	7	14	0.6806615591049194	0	0.6806615591049194	2020-04-20 19:26:40.292319	2020-04-20 19:26:40.292319
79	34	14	0.668274998664856	0	0.668274998664856	2020-04-20 19:26:40.305087	2020-04-20 19:26:40.305087
80	35	14	0.5209856033325195	0	0.5209856033325195	2020-04-20 19:26:40.314026	2020-04-20 19:26:40.314026
81	36	14	0.5130409598350525	0	0.5130409598350525	2020-04-20 19:26:40.329174	2020-04-20 19:26:40.329174
82	37	15	0.9894859194755554	0	0.9894859194755554	2020-04-20 19:27:15.372111	2020-04-20 19:27:15.372111
83	38	15	0.9879407286643982	0	0.9879407286643982	2020-04-20 19:27:15.385735	2020-04-20 19:27:15.385735
84	39	15	0.9505335688591003	0	0.9505335688591003	2020-04-20 19:27:15.400793	2020-04-20 19:27:15.400793
85	3	15	0.9089794754981995	0	0.9089794754981995	2020-04-20 19:27:15.408118	2020-04-20 19:27:15.408118
86	40	15	0.8684293031692505	0	0.8684293031692505	2020-04-20 19:27:15.420722	2020-04-20 19:27:15.420722
87	41	15	0.8474295139312744	0	0.8474295139312744	2020-04-20 19:27:15.435725	2020-04-20 19:27:15.435725
88	42	15	0.8370303511619568	0	0.8370303511619568	2020-04-20 19:27:15.448004	2020-04-20 19:27:15.448004
89	21	15	0.8201869130134583	0	0.8201869130134583	2020-04-20 19:27:15.455653	2020-04-20 19:27:15.455653
90	4	15	0.6493412852287292	0	0.6493412852287292	2020-04-20 19:27:15.465968	2020-04-20 19:27:15.465968
91	43	15	0.6088507771492004	0	0.6088507771492004	2020-04-20 19:27:15.478577	2020-04-20 19:27:15.478577
92	9	16	0.8639962077140808	0	0.8639962077140808	2020-04-20 19:27:53.35863	2020-04-20 19:27:53.35863
93	33	16	0.8150393962860107	0	0.8150393962860107	2020-04-20 19:27:53.365352	2020-04-20 19:27:53.365352
94	36	16	0.8045295476913452	0	0.8045295476913452	2020-04-20 19:27:53.37065	2020-04-20 19:27:53.37065
95	2	16	0.7329970598220825	0	0.7329970598220825	2020-04-20 19:27:53.380854	2020-04-20 19:27:53.380854
96	34	16	0.7160271406173706	0	0.7160271406173706	2020-04-20 19:27:53.389573	2020-04-20 19:27:53.389573
97	3	16	0.6772549152374268	0	0.6772549152374268	2020-04-20 19:27:53.401411	2020-04-20 19:27:53.401411
98	4	16	0.6247862577438354	0	0.6247862577438354	2020-04-20 19:27:53.410367	2020-04-20 19:27:53.410367
99	35	16	0.5481477975845337	0	0.5481477975845337	2020-04-20 19:27:53.420739	2020-04-20 19:27:53.420739
100	44	17	0.9938689470291138	0	0.9938689470291138	2020-04-20 19:28:37.905555	2020-04-20 19:28:37.905555
101	45	17	0.9140570759773254	0	0.9140570759773254	2020-04-20 19:28:37.916169	2020-04-20 19:28:37.916169
102	2	17	0.891986608505249	0	0.891986608505249	2020-04-20 19:28:37.922749	2020-04-20 19:28:37.922749
103	3	17	0.8685946464538574	0	0.8685946464538574	2020-04-20 19:28:37.926949	2020-04-20 19:28:37.926949
104	46	17	0.8127957582473755	0	0.8127957582473755	2020-04-20 19:28:37.942603	2020-04-20 19:28:37.942603
105	47	17	0.7957249879837036	0	0.7957249879837036	2020-04-20 19:28:37.956828	2020-04-20 19:28:37.956828
106	48	17	0.7713863849639893	0	0.7713863849639893	2020-04-20 19:28:37.973476	2020-04-20 19:28:37.973476
107	13	17	0.6663312315940857	0	0.6663312315940857	2020-04-20 19:28:37.980352	2020-04-20 19:28:37.980352
108	49	17	0.626179039478302	0	0.626179039478302	2020-04-20 19:28:37.993297	2020-04-20 19:28:37.993297
109	50	17	0.6029012203216553	0	0.6029012203216553	2020-04-20 19:28:38.009288	2020-04-20 19:28:38.009288
110	2	18	0.9147133231163025	0	0.9147133231163025	2020-04-20 19:29:20.092807	2020-04-20 19:29:20.092807
111	3	18	0.7770091891288757	0	0.7770091891288757	2020-04-20 19:29:20.099032	2020-04-20 19:29:20.099032
112	4	18	0.7307537198066711	0	0.7307537198066711	2020-04-20 19:29:20.106111	2020-04-20 19:29:20.106111
113	28	18	0.6175007820129395	0	0.6175007820129395	2020-04-20 19:29:20.116911	2020-04-20 19:29:20.116911
114	32	18	0.5212616920471191	0	0.5212616920471191	2020-04-20 19:29:20.125281	2020-04-20 19:29:20.125281
115	25	19	0.7245198488235474	0	0.7245198488235474	2020-04-20 19:30:07.300005	2020-04-20 19:30:07.300005
116	51	19	0.7242649793624878	0	0.7242649793624878	2020-04-20 19:30:07.308469	2020-04-20 19:30:07.308469
117	36	19	0.6944814324378967	0	0.6944814324378967	2020-04-20 19:30:07.317595	2020-04-20 19:30:07.317595
118	52	19	0.6920332312583923	0	0.6920332312583923	2020-04-20 19:30:07.335537	2020-04-20 19:30:07.335537
119	9	19	0.6754080653190613	0	0.6754080653190613	2020-04-20 19:30:07.343694	2020-04-20 19:30:07.343694
120	22	19	0.5859824419021606	0	0.5859824419021606	2020-04-20 19:30:07.355597	2020-04-20 19:30:07.355597
121	3	19	0.5813031792640686	0	0.5813031792640686	2020-04-20 19:30:07.363659	2020-04-20 19:30:07.363659
122	53	19	0.5697500109672546	0	0.5697500109672546	2020-04-20 19:30:07.377734	2020-04-20 19:30:07.377734
123	54	19	0.5624739527702332	0	0.5624739527702332	2020-04-20 19:30:07.392217	2020-04-20 19:30:07.392217
124	3	20	0.7964803576469421	0	0.7964803576469421	2020-04-20 19:30:46.007848	2020-04-20 19:30:46.007848
125	2	20	0.7678619027137756	0	0.7678619027137756	2020-04-20 19:30:46.014564	2020-04-20 19:30:46.014564
126	2	21	0.8510453701019287	0	0.8510453701019287	2020-04-20 19:31:12.122823	2020-04-20 19:31:12.122823
127	3	21	0.7310290336608887	0	0.7310290336608887	2020-04-20 19:31:12.130405	2020-04-20 19:31:12.130405
128	55	21	0.7088016271591187	0	0.7088016271591187	2020-04-20 19:31:12.139198	2020-04-20 19:31:12.139198
129	4	21	0.669127345085144	0	0.669127345085144	2020-04-20 19:31:12.145963	2020-04-20 19:31:12.145963
130	56	21	0.6575879454612732	0	0.6575879454612732	2020-04-20 19:31:12.153677	2020-04-20 19:31:12.153677
131	12	21	0.5514674186706543	0	0.5514674186706543	2020-04-20 19:31:12.160558	2020-04-20 19:31:12.160558
132	2	22	0.8591280579566956	0	0.8591280579566956	2020-04-20 19:31:48.385674	2020-04-20 19:31:48.385674
133	3	22	0.7088651061058044	0	0.7088651061058044	2020-04-20 19:31:48.390703	2020-04-20 19:31:48.390703
134	12	22	0.6795573234558105	0	0.6795573234558105	2020-04-20 19:31:48.39541	2020-04-20 19:31:48.39541
135	4	22	0.5502874255180359	0	0.5502874255180359	2020-04-20 19:31:48.399869	2020-04-20 19:31:48.399869
136	57	23	0.955552875995636	0	0.955552875995636	2020-04-20 19:32:16.638607	2020-04-20 19:32:16.638607
137	29	23	0.9343461394309998	0	0.9343461394309998	2020-04-20 19:32:16.647206	2020-04-20 19:32:16.647206
138	2	23	0.933738648891449	0	0.933738648891449	2020-04-20 19:32:16.653748	2020-04-20 19:32:16.653748
139	3	23	0.8358662724494934	0	0.8358662724494934	2020-04-20 19:32:16.658681	2020-04-20 19:32:16.658681
140	4	23	0.7307537198066711	0	0.7307537198066711	2020-04-20 19:32:16.670362	2020-04-20 19:32:16.670362
141	26	23	0.6942809224128723	0	0.6942809224128723	2020-04-20 19:32:16.676694	2020-04-20 19:32:16.676694
142	20	23	0.5963820219039917	0	0.5963820219039917	2020-04-20 19:32:16.685916	2020-04-20 19:32:16.685916
143	37	24	0.9832701683044434	0	0.9832701683044434	2020-04-20 19:34:32.421696	2020-04-20 19:34:32.421696
144	38	24	0.9524800777435303	0	0.9524800777435303	2020-04-20 19:34:32.429139	2020-04-20 19:34:32.429139
145	21	24	0.9477739334106445	0	0.9477739334106445	2020-04-20 19:34:32.437832	2020-04-20 19:34:32.437832
146	58	24	0.9303889870643616	0	0.9303889870643616	2020-04-20 19:34:32.455215	2020-04-20 19:34:32.455215
147	3	24	0.9073012471199036	0	0.9073012471199036	2020-04-20 19:34:32.463038	2020-04-20 19:34:32.463038
148	59	24	0.8716326355934143	0	0.8716326355934143	2020-04-20 19:34:32.482753	2020-04-20 19:34:32.482753
149	60	24	0.8145476579666138	0	0.8145476579666138	2020-04-20 19:34:32.552991	2020-04-20 19:34:32.552991
150	61	24	0.6719806790351868	0	0.6719806790351868	2020-04-20 19:34:32.565004	2020-04-20 19:34:32.565004
151	49	24	0.6035369634628296	0	0.6035369634628296	2020-04-20 19:34:32.570184	2020-04-20 19:34:32.570184
152	40	24	0.578924298286438	0	0.578924298286438	2020-04-20 19:34:32.584801	2020-04-20 19:34:32.584801
153	2	25	0.9591718316078186	0	0.9591718316078186	2020-04-20 19:35:07.134402	2020-04-20 19:35:07.134402
154	9	25	0.9276443719863892	0	0.9276443719863892	2020-04-20 19:35:07.142013	2020-04-20 19:35:07.142013
155	3	25	0.89594566822052	0	0.89594566822052	2020-04-20 19:35:07.155656	2020-04-20 19:35:07.155656
156	4	25	0.7307537198066711	0	0.7307537198066711	2020-04-20 19:35:07.16383	2020-04-20 19:35:07.16383
157	13	25	0.6983279585838318	0	0.6983279585838318	2020-04-20 19:35:07.174403	2020-04-20 19:35:07.174403
158	62	25	0.6237254738807678	0	0.6237254738807678	2020-04-20 19:35:07.183547	2020-04-20 19:35:07.183547
159	63	25	0.5953202247619629	0	0.5953202247619629	2020-04-20 19:35:07.20035	2020-04-20 19:35:07.20035
160	64	25	0.5602574348449707	0	0.5602574348449707	2020-04-20 19:35:07.212246	2020-04-20 19:35:07.212246
161	22	25	0.5279175639152527	0	0.5279175639152527	2020-04-20 19:35:07.220557	2020-04-20 19:35:07.220557
162	65	26	0.9484125375747681	0	0.9484125375747681	2020-04-20 19:35:39.087352	2020-04-20 19:35:39.087352
163	12	26	0.9322052001953125	0	0.9322052001953125	2020-04-20 19:35:39.096084	2020-04-20 19:35:39.096084
164	2	26	0.8838357925415039	0	0.8838357925415039	2020-04-20 19:35:39.102576	2020-04-20 19:35:39.102576
165	3	26	0.7548457980155945	0	0.7548457980155945	2020-04-20 19:35:39.106821	2020-04-20 19:35:39.106821
166	4	26	0.6493412852287292	0	0.6493412852287292	2020-04-20 19:35:39.119593	2020-04-20 19:35:39.119593
167	27	26	0.5338886976242065	0	0.5338886976242065	2020-04-20 19:35:39.128455	2020-04-20 19:35:39.128455
168	2	27	0.8084092736244202	0	0.8084092736244202	2020-04-20 19:36:25.422102	2020-04-20 19:36:25.422102
169	13	27	0.7757779955863953	0	0.7757779955863953	2020-04-20 19:36:25.430384	2020-04-20 19:36:25.430384
170	3	27	0.7478176951408386	0	0.7478176951408386	2020-04-20 19:36:25.437962	2020-04-20 19:36:25.437962
171	4	27	0.5931773781776428	0	0.5931773781776428	2020-04-20 19:36:25.442834	2020-04-20 19:36:25.442834
172	2	28	0.9884070754051208	0	0.9884070754051208	2020-04-20 19:36:59.828878	2020-04-20 19:36:59.828878
173	3	28	0.8842479586601257	0	0.8842479586601257	2020-04-20 19:36:59.836059	2020-04-20 19:36:59.836059
174	4	28	0.8477538228034973	0	0.8477538228034973	2020-04-20 19:36:59.843535	2020-04-20 19:36:59.843535
175	19	28	0.831423819065094	0	0.831423819065094	2020-04-20 19:36:59.848677	2020-04-20 19:36:59.848677
176	9	28	0.6958491802215576	0	0.6958491802215576	2020-04-20 19:36:59.860092	2020-04-20 19:36:59.860092
177	14	28	0.6251788139343262	0	0.6251788139343262	2020-04-20 19:36:59.866389	2020-04-20 19:36:59.866389
178	66	28	0.5930580496788025	0	0.5930580496788025	2020-04-20 19:36:59.879025	2020-04-20 19:36:59.879025
179	5	28	0.5648223161697388	0	0.5648223161697388	2020-04-20 19:36:59.884016	2020-04-20 19:36:59.884016
180	1	28	0.5535405278205872	0	0.5535405278205872	2020-04-20 19:36:59.89653	2020-04-20 19:36:59.89653
181	7	28	0.5040763020515442	0	0.5040763020515442	2020-04-20 19:36:59.902572	2020-04-20 19:36:59.902572
182	37	29	0.9905186891555786	0	0.9905186891555786	2020-04-20 19:37:55.431466	2020-04-20 19:37:55.431466
183	38	29	0.9855685234069824	0	0.9855685234069824	2020-04-20 19:37:55.441717	2020-04-20 19:37:55.441717
184	39	29	0.9660543203353882	0	0.9660543203353882	2020-04-20 19:37:55.446512	2020-04-20 19:37:55.446512
185	41	29	0.9352437853813171	0	0.9352437853813171	2020-04-20 19:37:55.451071	2020-04-20 19:37:55.451071
186	42	29	0.8918677568435669	0	0.8918677568435669	2020-04-20 19:37:55.459312	2020-04-20 19:37:55.459312
187	67	29	0.8861751556396484	0	0.8861751556396484	2020-04-20 19:37:55.466162	2020-04-20 19:37:55.466162
188	15	29	0.8768631219863892	0	0.8768631219863892	2020-04-20 19:37:55.474376	2020-04-20 19:37:55.474376
189	3	29	0.8707094788551331	0	0.8707094788551331	2020-04-20 19:37:55.479049	2020-04-20 19:37:55.479049
190	68	29	0.8612751960754395	0	0.8612751960754395	2020-04-20 19:37:55.486305	2020-04-20 19:37:55.486305
191	21	29	0.8605697154998779	0	0.8605697154998779	2020-04-20 19:37:55.494984	2020-04-20 19:37:55.494984
192	3	30	0.9122589230537415	0	0.9122589230537415	2020-04-20 19:38:23.080492	2020-04-20 19:38:23.080492
193	49	30	0.8704678416252136	0	0.8704678416252136	2020-04-20 19:38:23.086716	2020-04-20 19:38:23.086716
194	64	30	0.8160907030105591	0	0.8160907030105591	2020-04-20 19:38:23.09398	2020-04-20 19:38:23.09398
195	69	30	0.7992925047874451	0	0.7992925047874451	2020-04-20 19:38:23.102265	2020-04-20 19:38:23.102265
196	2	30	0.7981186509132385	0	0.7981186509132385	2020-04-20 19:38:23.10904	2020-04-20 19:38:23.10904
197	62	30	0.7834790945053101	0	0.7834790945053101	2020-04-20 19:38:23.113993	2020-04-20 19:38:23.113993
198	70	30	0.7444273233413696	0	0.7444273233413696	2020-04-20 19:38:23.122218	2020-04-20 19:38:23.122218
199	63	30	0.6888403296470642	0	0.6888403296470642	2020-04-20 19:38:23.130108	2020-04-20 19:38:23.130108
200	61	30	0.6277148127555847	0	0.6277148127555847	2020-04-20 19:38:23.135873	2020-04-20 19:38:23.135873
201	9	30	0.6214600205421448	0	0.6214600205421448	2020-04-20 19:38:23.143087	2020-04-20 19:38:23.143087
202	2	31	0.9092918634414673	0	0.9092918634414673	2020-04-20 19:39:02.917305	2020-04-20 19:39:02.917305
203	3	31	0.8358662724494934	0	0.8358662724494934	2020-04-20 19:39:02.931665	2020-04-20 19:39:02.931665
204	4	31	0.7461655735969543	0	0.7461655735969543	2020-04-20 19:39:02.93757	2020-04-20 19:39:02.93757
205	9	31	0.7321403622627258	0	0.7321403622627258	2020-04-20 19:39:02.949141	2020-04-20 19:39:02.949141
206	13	31	0.5944116115570068	0	0.5944116115570068	2020-04-20 19:39:02.956269	2020-04-20 19:39:02.956269
207	7	31	0.5451834201812744	0	0.5451834201812744	2020-04-20 19:39:03.025356	2020-04-20 19:39:03.025356
\.


--
-- Data for Name: artwork_exhibitions; Type: TABLE DATA; Schema: public; Owner: erinjohnson
--

COPY public.artwork_exhibitions (id, artwork_id, exhibition_id) FROM stdin;
\.


--
-- Data for Name: artworks; Type: TABLE DATA; Schema: public; Owner: erinjohnson
--

COPY public.artworks (id, artist, title, medium, description, collection, location, image_url, image_copyright, permalink, origin_id, created_at, updated_at) FROM stdin;
2	Gustav Klimt	Der Kuss (The Kiss)	Oil and gold leaf on canvas		Österreichische Galerie Belvedere, Vienna		https://curatorialimages.s3.eu-west-2.amazonaws.com/4d8b92eb4eb68a1b2c000968.jpg	Source: Wikimedia Commons / Public Domain	https://www.artsy.net/artwork/gustav-klimt-der-kuss-the-kiss	4d8b92eb4eb68a1b2c000968	2020-04-20 19:05:20.859086	2020-04-20 19:05:20.859086
3	Francisco de Goya	The Third of May	Oil on canvas		Museo Nacional del Prado, Madrid		https://curatorialimages.s3.eu-west-2.amazonaws.com/4d8b92ee4eb68a1b2c0009ab.jpg	Image provided by Museo Nacional del Prado	https://www.artsy.net/artwork/francisco-de-goya-the-third-of-may	4d8b92ee4eb68a1b2c0009ab	2020-04-20 19:12:22.153017	2020-04-20 19:12:22.153017
4	Rembrandt van Rijn	The Company of Frans Banning Cocq and Willem van Ruytenburch (The Night Watch)	Oil on canvas		Rijksmuseum, Amsterdam		https://curatorialimages.s3.eu-west-2.amazonaws.com/4d8b93394eb68a1b2c0010fa.jpg	Source: Wikimedia Commons / Public Domain	https://www.artsy.net/artwork/rembrandt-van-rijn-the-company-of-frans-banning-cocq-and-willem-van-ruytenburch-the-night-watch	4d8b93394eb68a1b2c0010fa	2020-04-20 19:13:55.839137	2020-04-20 19:13:55.839137
5	Leonardo da Vinci	Mona Lisa	Oil on poplar		Musée du Louvre		https://curatorialimages.s3.eu-west-2.amazonaws.com/4d8b937c4eb68a1b2c001722.jpg		https://www.artsy.net/artwork/leonardo-da-vinci-mona-lisa	4d8b937c4eb68a1b2c001722	2020-04-20 19:14:42.182135	2020-04-20 19:14:42.182135
6	Edouard Manet	Luncheon on the Grass (Le Déjeuner sur l'herbe)	Oil on canvas		Musée d'Orsay, Paris		https://curatorialimages.s3.eu-west-2.amazonaws.com/4d8b93b04eb68a1b2c001b9d.jpg	Source: Wikimedia Commons / Public Domain	https://www.artsy.net/artwork/edouard-manet-luncheon-on-the-grass-le-dejeuner-sur-lherbe	4d8b93b04eb68a1b2c001b9d	2020-04-20 19:15:19.739118	2020-04-20 19:15:19.739118
7	Sandro Botticelli	The Birth of Venus	Tempera on canvas		Uffizi Gallery, Florence		https://curatorialimages.s3.eu-west-2.amazonaws.com/4eaeecc3d2a5820001006e93.jpg	Source: Wikimedia Commons / Public Domain	https://www.artsy.net/artwork/sandro-botticelli-the-birth-of-venus	4eaeecc3d2a5820001006e93	2020-04-20 19:16:06.067034	2020-04-20 19:16:06.067034
8	Alexandre Cabanel	The Birth of Venus	Oil on canvas		Musée d'Orsay, Paris		https://curatorialimages.s3.eu-west-2.amazonaws.com/4eaeedd66899c800010066ac.jpg	Source: Wikimedia Commons / Public Domain	https://www.artsy.net/artwork/alexandre-cabanel-the-birth-of-venus	4eaeedd66899c800010066ac	2020-04-20 19:19:02.989508	2020-04-20 19:19:02.989508
9	Michelangelo Merisi da Caravaggio	The Calling of St Matthew	Oil on canvas		San Luigi dei Francesi, Rome		https://curatorialimages.s3.eu-west-2.amazonaws.com/4eaef38fec5cf6000100a3f9.jpg	Source: Wikimedia Commons / Public Domain	https://www.artsy.net/artwork/michelangelo-merisi-da-caravaggio-the-calling-of-st-matthew	4eaef38fec5cf6000100a3f9	2020-04-20 19:22:56.418922	2020-04-20 19:22:56.418922
10	Gustave Courbet	The Burial At Ornans	Oil on canvas		Musée d'Orsay, Paris		https://curatorialimages.s3.eu-west-2.amazonaws.com/4eaefa6c76e78f0001009d40.jpg	Source: Wikimedia Commons / Public Domain	https://www.artsy.net/artwork/gustave-courbet-the-burial-at-ornans	4eaefa6c76e78f0001009d40	2020-04-20 19:23:40.648372	2020-04-20 19:23:40.648372
11	Leonardo da Vinci	The Last Supper	Tempera on gesso, pitch and mastic		Santa Maria delle Grazie, Milan		https://curatorialimages.s3.eu-west-2.amazonaws.com/4eaefc4976e78f0001009e86.jpg	Source: Wikimedia Commons / Public Domain	https://www.artsy.net/artwork/leonardo-da-vinci-the-last-supper	4eaefc4976e78f0001009e86	2020-04-20 19:24:20.027567	2020-04-20 19:24:20.027567
12	Leonardo da Vinci	Virgin of the Rocks	Wood, transferred to canvas in 1806 by Hacquin		Musée du Louvre, Paris		https://curatorialimages.s3.eu-west-2.amazonaws.com/4eaefdd86899c800010081e1.jpg	Source: Wikimedia Commons / Public Domain	https://www.artsy.net/artwork/leonardo-da-vinci-virgin-of-the-rocks	4eaefdd86899c800010081e1	2020-04-20 19:24:56.079937	2020-04-20 19:24:56.079937
13	Eugène Delacroix	La mort de Sardanapale (Death of Sardanapalus)	Oil on canvas		Musée du Louvre, Paris		https://curatorialimages.s3.eu-west-2.amazonaws.com/4eaf0a1476e78f000100badb.jpg	Source: Wikimedia Commons / Public Domain	https://www.artsy.net/artwork/eugene-delacroix-la-mort-de-sardanapale-death-of-sardanapalus	4eaf0a1476e78f000100badb	2020-04-20 19:25:34.691363	2020-04-20 19:25:34.691363
14	Eugène Delacroix	La Liberté guidant le peuple (Liberty Leading the People)	Oil on canvas		Musée du Louvre, Paris		https://curatorialimages.s3.eu-west-2.amazonaws.com/4eaf0b24bddaf7000100b6ef.jpg	Source: Wikimedia Commons / Public Domain	https://www.artsy.net/artwork/eugene-delacroix-la-liberte-guidant-le-peuple-liberty-leading-the-people	4eaf0b24bddaf7000100b6ef	2020-04-20 19:26:37.682319	2020-04-20 19:26:37.682319
15	Donatello	David	Bronze		Museo Nazionale del Bargello, Florence		https://curatorialimages.s3.eu-west-2.amazonaws.com/4eaf0cc176e78f000100bdc0.jpg	Source: Wikimedia Commons / Photo: Patrick A. Rodgers / CC BY-SA 2.0	https://www.artsy.net/artwork/donatello-david	4eaf0cc176e78f000100bdc0	2020-04-20 19:27:12.778058	2020-04-20 19:27:12.778058
16	Théodore Géricault	The Raft of the Medusa	Oil on canvas		Musée du Louvre, Paris		https://curatorialimages.s3.eu-west-2.amazonaws.com/4eaf151bd2a582000100ba46.jpg	Source: Wikimedia Commons / Public Domain	https://www.artsy.net/artwork/theodore-gericault-the-raft-of-the-medusa	4eaf151bd2a582000100ba46	2020-04-20 19:27:49.826515	2020-04-20 19:27:49.826515
17	Matthias Grünewald	Isenheim Altarpiece	Oil on limewood		Unterlinden Museum, Colmar		https://curatorialimages.s3.eu-west-2.amazonaws.com/4eaf1910bddaf7000100d117.jpg	Souce: Wikimedia Commons / Public Domain	https://www.artsy.net/artwork/matthias-grunewald-isenheim-altarpiece	4eaf1910bddaf7000100d117	2020-04-20 19:28:34.400951	2020-04-20 19:28:34.400951
18	William Hogarth	The Tête à Tête	Oil on canvas		The National Gallery, London		https://curatorialimages.s3.eu-west-2.amazonaws.com/4eaf1d2876e78f000100cf4f.jpg	Source: Wikimedia Commons / Public Domain	https://www.artsy.net/artwork/william-hogarth-the-tete-a-tete	4eaf1d2876e78f000100cf4f	2020-04-20 19:29:17.65812	2020-04-20 19:29:17.65812
19	Jean-Auguste-Dominique Ingres	La Grande Odalisque	Oil on canvas		Musée du Louvre, Paris		https://curatorialimages.s3.eu-west-2.amazonaws.com/4eaf1e4435118f000100d32a.jpg	Source: Wikimedia Commons / Public Domain	https://www.artsy.net/artwork/jean-auguste-dominique-ingres-la-grande-odalisque	4eaf1e4435118f000100d32a	2020-04-20 19:30:04.105032	2020-04-20 19:30:04.105032
20	Edouard Manet	Olympia	Oil on canvas		Musée d'Orsay, Paris		https://curatorialimages.s3.eu-west-2.amazonaws.com/4eaf209c35118f000100dde6.jpg	Source: Wikimedia Commons / Public Domain	https://www.artsy.net/artwork/edouard-manet-olympia	4eaf209c35118f000100dde6	2020-04-20 19:30:43.160763	2020-04-20 19:30:43.160763
21	Berthe Morisot	Le Berceau (The Cradle)	Oil on canvas		Musée d'Orsay		https://curatorialimages.s3.eu-west-2.amazonaws.com/4eb0259f7ec38b0001001021.jpg	Source: Wikimedia Commons / Public Domain	https://www.artsy.net/artwork/berthe-morisot-le-berceau-the-cradle	4eb0259f7ec38b0001001021	2020-04-20 19:31:09.252077	2020-04-20 19:31:09.252077
22	Rembrandt van Rijn	The Anatomy Lesson of Dr. Nicolaes Tulp	Oil on canvas		Mauritshuis, The Hague		https://curatorialimages.s3.eu-west-2.amazonaws.com/4eb063a5b1976400010071f0.jpg	Source: Wikimedia Commons / Public Domain	https://www.artsy.net/artwork/rembrandt-van-rijn-the-anatomy-lesson-of-dr-nicolaes-tulp	4eb063a5b1976400010071f0	2020-04-20 19:31:46.554658	2020-04-20 19:31:46.554658
23	Pierre-Auguste Renoir	Dance at Le Moulin de la Galette (Bal du moulin de la galette)	Oil on canvas		Musée d'Orsay, Paris		https://curatorialimages.s3.eu-west-2.amazonaws.com/4eb0654269c04b00010096da.jpg	Source: Wikimedia Commons / Public Domain	https://www.artsy.net/artwork/pierre-auguste-renoir-dance-at-le-moulin-de-la-galette-bal-du-moulin-de-la-galette	4eb0654269c04b00010096da	2020-04-20 19:32:14.318554	2020-04-20 19:32:14.318554
24	Auguste Rodin	The Gates of Hell (Detail: The Thinker)	Bronze and marble		Musée Rodin, Paris		https://curatorialimages.s3.eu-west-2.amazonaws.com/4eb068115fb415000100a26a.jpg	Source: Wikimedia Commons / Photo: dalbera / CC BY-SA 2.0	https://www.artsy.net/artwork/auguste-rodin-the-gates-of-hell-detail-the-thinker	4eb068115fb415000100a26a	2020-04-20 19:34:30.119932	2020-04-20 19:34:30.119932
25	Peter Paul Rubens	Le debarquement de Marie de Médicis au port de Marseille le 3 November 1600 (Maria Medici arrives in Marseille, Nov. 3 1600)	Oil on canvas		Musée du Louvre, Paris		https://curatorialimages.s3.eu-west-2.amazonaws.com/4eb06c8c5fb415000100b92d.jpg	Source: Wikimedia Commons / Public Domain	https://www.artsy.net/artwork/peter-paul-rubens-le-debarquement-de-marie-de-medicis-au-port-de-marseille-le-3-november-1600-maria-medici-arrives-in-marseille-nov-3-1600	4eb06c8c5fb415000100b92d	2020-04-20 19:35:04.95014	2020-04-20 19:35:04.95014
26	Vincent van Gogh	Self-Portrait with Bandaged Ear	Oil on canvas		The Courtauld Gallery, London		https://curatorialimages.s3.eu-west-2.amazonaws.com/4eb077c25fb415000100dd91.jpg	Source: Wikimedia Commons / Public Domain	https://www.artsy.net/artwork/vincent-van-gogh-self-portrait-with-bandaged-ear	4eb077c25fb415000100dd91	2020-04-20 19:35:36.815404	2020-04-20 19:35:36.815404
27	Johannes Vermeer	The Allegory of Painting	Oil on canvas		Museum of Fine Art, Vienna		https://curatorialimages.s3.eu-west-2.amazonaws.com/4eb07ac455422d000100ca2b.jpg	Source: Wikimedia Commons / Public Domain	https://www.artsy.net/artwork/johannes-vermeer-the-allegory-of-painting	4eb07ac455422d000100ca2b	2020-04-20 19:36:22.868944	2020-04-20 19:36:22.868944
28	Jean-Antoine Watteau	L'Embarquement pour Cythère (The Embarkation for Cythera)	Oil on canvas		Musée du Louvre, Paris		https://curatorialimages.s3.eu-west-2.amazonaws.com/4eb080ebaf49300001010899.jpg	Source: Wikimedia Commons / Public Domain	https://www.artsy.net/artwork/jean-antoine-watteau-lembarquement-pour-cythere-the-embarkation-for-cythera	4eb080ebaf49300001010899	2020-04-20 19:36:57.232816	2020-04-20 19:36:57.232816
29	Unknown	A Buddha	Copper alloy inlaid with crystal and obsidian	   		         \n\n\n	https://curatorialimages.s3.eu-west-2.amazonaws.com/4eb18d156c4c0c00010005bc.jpg	Image provided by the Los Angeles County Museum of Art	https://www.artsy.net/artwork/a-buddha	4eb18d156c4c0c00010005bc	2020-04-20 19:37:52.776357	2020-04-20 19:37:52.776357
30	Basawan	A Court Scene, Folio from a Manuscript of Sadi's Gulistan (Rose Garden) 	Opaque watercolor, gold, and ink on paper	   		         \n\n\n	https://curatorialimages.s3.eu-west-2.amazonaws.com/4eb191d7085cf500010003e1.jpg	Image provided by the Los Angeles County Museum of Art	https://www.artsy.net/artwork/basawan-a-court-scene-folio-from-a-manuscript-of-sadis-gulistan-rose-garden	4eb191d7085cf500010003e1	2020-04-20 19:38:19.85641	2020-04-20 19:38:19.85641
31	Louis Galloche	A Scene from the Life of St. Martin	Oil on canvas	   		         \n\n\n	https://curatorialimages.s3.eu-west-2.amazonaws.com/4eb193694bf5a90001000af3.jpg	Image provided by the Los Angeles County Museum of Art	https://www.artsy.net/artwork/louis-galloche-a-scene-from-the-life-of-st-martin	4eb193694bf5a90001000af3	2020-04-20 19:39:00.159664	2020-04-20 19:39:00.159664
\.


--
-- Data for Name: contents; Type: TABLE DATA; Schema: public; Owner: erinjohnson
--

COPY public.contents (id, description, created_at, updated_at) FROM stdin;
1	modern art	2020-04-20 19:05:24.421887	2020-04-20 19:05:24.421887
2	painting	2020-04-20 19:05:24.459019	2020-04-20 19:05:24.459019
3	art	2020-04-20 19:05:24.477855	2020-04-20 19:05:24.477855
4	visual arts	2020-04-20 19:05:24.492212	2020-04-20 19:05:24.492212
5	acrylic paint	2020-04-20 19:05:24.514201	2020-04-20 19:05:24.514201
6	paint	2020-04-20 19:05:24.53494	2020-04-20 19:05:24.53494
7	illustration	2020-04-20 19:05:24.549063	2020-04-20 19:05:24.549063
8	pilgrims	2020-04-20 19:12:25.340335	2020-04-20 19:12:25.340335
9	mythology	2020-04-20 19:12:25.356212	2020-04-20 19:12:25.356212
10	infantry	2020-04-20 19:13:59.313775	2020-04-20 19:13:59.313775
11	picture frame	2020-04-20 19:14:44.808773	2020-04-20 19:14:44.808773
12	portrait	2020-04-20 19:14:44.824129	2020-04-20 19:14:44.824129
13	stock photography	2020-04-20 19:14:44.878636	2020-04-20 19:14:44.878636
14	artwork	2020-04-20 19:14:44.887219	2020-04-20 19:14:44.887219
15	sitting	2020-04-20 19:15:22.268652	2020-04-20 19:15:22.268652
16	recreation	2020-04-20 19:15:22.29087	2020-04-20 19:15:22.29087
17	hand fan	2020-04-20 19:16:08.649827	2020-04-20 19:16:08.649827
18	scallop	2020-04-20 19:16:08.681239	2020-04-20 19:16:08.681239
19	watercolor paint	2020-04-20 19:16:08.716557	2020-04-20 19:16:08.716557
20	mural	2020-04-20 19:16:08.724177	2020-04-20 19:16:08.724177
21	classical sculpture	2020-04-20 19:16:08.751828	2020-04-20 19:16:08.751828
22	fictional character	2020-04-20 19:19:05.379313	2020-04-20 19:19:05.379313
23	cupid	2020-04-20 19:19:05.39371	2020-04-20 19:19:05.39371
24	mythical creature	2020-04-20 19:19:05.419127	2020-04-20 19:19:05.419127
25	photography	2020-04-20 19:19:05.433746	2020-04-20 19:19:05.433746
26	event	2020-04-20 19:22:59.074637	2020-04-20 19:22:59.074637
27	artist	2020-04-20 19:22:59.081938	2020-04-20 19:22:59.081938
28	tourist attraction	2020-04-20 19:22:59.100766	2020-04-20 19:22:59.100766
29	people	2020-04-20 19:23:43.596324	2020-04-20 19:23:43.596324
30	family	2020-04-20 19:23:43.636632	2020-04-20 19:23:43.636632
31	still life	2020-04-20 19:25:37.311575	2020-04-20 19:25:37.311575
32	collection	2020-04-20 19:25:37.337929	2020-04-20 19:25:37.337929
33	battle	2020-04-20 19:26:40.256233	2020-04-20 19:26:40.256233
34	conquistador	2020-04-20 19:26:40.296056	2020-04-20 19:26:40.296056
35	cossacks	2020-04-20 19:26:40.309403	2020-04-20 19:26:40.309403
36	cg artwork	2020-04-20 19:26:40.322924	2020-04-20 19:26:40.322924
37	sculpture	2020-04-20 19:27:15.365754	2020-04-20 19:27:15.365754
38	statue	2020-04-20 19:27:15.379493	2020-04-20 19:27:15.379493
39	bronze sculpture	2020-04-20 19:27:15.388825	2020-04-20 19:27:15.388825
40	monument	2020-04-20 19:27:15.414457	2020-04-20 19:27:15.414457
41	metal	2020-04-20 19:27:15.42358	2020-04-20 19:27:15.42358
42	bronze	2020-04-20 19:27:15.440118	2020-04-20 19:27:15.440118
43	nonbuilding structure	2020-04-20 19:27:15.469533	2020-04-20 19:27:15.469533
44	religious item	2020-04-20 19:28:37.900242	2020-04-20 19:28:37.900242
45	crucifix	2020-04-20 19:28:37.909187	2020-04-20 19:28:37.909187
46	artifact	2020-04-20 19:28:37.934479	2020-04-20 19:28:37.934479
47	cross	2020-04-20 19:28:37.947879	2020-04-20 19:28:37.947879
48	symbol	2020-04-20 19:28:37.960172	2020-04-20 19:28:37.960172
49	history	2020-04-20 19:28:37.98761	2020-04-20 19:28:37.98761
50	altar	2020-04-20 19:28:38.003829	2020-04-20 19:28:38.003829
51	human body	2020-04-20 19:30:07.304244	2020-04-20 19:30:07.304244
52	leg	2020-04-20 19:30:07.324502	2020-04-20 19:30:07.324502
53	black hair	2020-04-20 19:30:07.371503	2020-04-20 19:30:07.371503
54	art model	2020-04-20 19:30:07.385735	2020-04-20 19:30:07.385735
55	dress	2020-04-20 19:31:12.133148	2020-04-20 19:31:12.133148
56	bridal accessory	2020-04-20 19:31:12.148729	2020-04-20 19:31:12.148729
57	crowd	2020-04-20 19:32:16.633054	2020-04-20 19:32:16.633054
58	stone carving	2020-04-20 19:34:32.44085	2020-04-20 19:34:32.44085
59	relief	2020-04-20 19:34:32.469927	2020-04-20 19:34:32.469927
60	carving	2020-04-20 19:34:32.548102	2020-04-20 19:34:32.548102
61	ancient history	2020-04-20 19:34:32.559417	2020-04-20 19:34:32.559417
62	middle ages	2020-04-20 19:35:07.177958	2020-04-20 19:35:07.177958
63	prophet	2020-04-20 19:35:07.193544	2020-04-20 19:35:07.193544
64	tapestry	2020-04-20 19:35:07.206397	2020-04-20 19:35:07.206397
65	self-portrait	2020-04-20 19:35:39.081404	2020-04-20 19:35:39.081404
66	landscape	2020-04-20 19:36:59.872127	2020-04-20 19:36:59.872127
67	meditation	2020-04-20 19:37:55.462084	2020-04-20 19:37:55.462084
68	brass	2020-04-20 19:37:55.48201	2020-04-20 19:37:55.48201
69	textile	2020-04-20 19:38:23.096788	2020-04-20 19:38:23.096788
70	miniature	2020-04-20 19:38:23.117289	2020-04-20 19:38:23.117289
\.


--
-- Data for Name: exhibition_likes; Type: TABLE DATA; Schema: public; Owner: erinjohnson
--

COPY public.exhibition_likes (id, user_id, exhibition_id) FROM stdin;
\.


--
-- Data for Name: exhibitions; Type: TABLE DATA; Schema: public; Owner: erinjohnson
--

COPY public.exhibitions (id, user_id, summary, title, description, public, created_at, updated_at) FROM stdin;
\.


--
-- Data for Name: relationships; Type: TABLE DATA; Schema: public; Owner: erinjohnson
--

COPY public.relationships (id, follower_id, followed_id, created_at, updated_at) FROM stdin;
\.


--
-- Data for Name: schema_migrations; Type: TABLE DATA; Schema: public; Owner: erinjohnson
--

COPY public.schema_migrations (version) FROM stdin;
20191030131112
20191030132038
20191030132745
20191030133143
20191030133407
20200406194802
20200406195038
20200406195352
\.


--
-- Data for Name: users; Type: TABLE DATA; Schema: public; Owner: erinjohnson
--

COPY public.users (id, first_name, last_name, email, password_digest, biography, public, created_at, updated_at) FROM stdin;
\.


--
-- Name: artwork_contents_id_seq; Type: SEQUENCE SET; Schema: public; Owner: erinjohnson
--

SELECT pg_catalog.setval('public.artwork_contents_id_seq', 207, true);


--
-- Name: artwork_exhibitions_id_seq; Type: SEQUENCE SET; Schema: public; Owner: erinjohnson
--

SELECT pg_catalog.setval('public.artwork_exhibitions_id_seq', 1, false);


--
-- Name: artworks_id_seq; Type: SEQUENCE SET; Schema: public; Owner: erinjohnson
--

SELECT pg_catalog.setval('public.artworks_id_seq', 31, true);


--
-- Name: contents_id_seq; Type: SEQUENCE SET; Schema: public; Owner: erinjohnson
--

SELECT pg_catalog.setval('public.contents_id_seq', 70, true);


--
-- Name: exhibition_likes_id_seq; Type: SEQUENCE SET; Schema: public; Owner: erinjohnson
--

SELECT pg_catalog.setval('public.exhibition_likes_id_seq', 1, false);


--
-- Name: exhibitions_id_seq; Type: SEQUENCE SET; Schema: public; Owner: erinjohnson
--

SELECT pg_catalog.setval('public.exhibitions_id_seq', 1, false);


--
-- Name: relationships_id_seq; Type: SEQUENCE SET; Schema: public; Owner: erinjohnson
--

SELECT pg_catalog.setval('public.relationships_id_seq', 1, false);


--
-- Name: users_id_seq; Type: SEQUENCE SET; Schema: public; Owner: erinjohnson
--

SELECT pg_catalog.setval('public.users_id_seq', 1, false);


--
-- Name: ar_internal_metadata ar_internal_metadata_pkey; Type: CONSTRAINT; Schema: public; Owner: erinjohnson
--

ALTER TABLE ONLY public.ar_internal_metadata
    ADD CONSTRAINT ar_internal_metadata_pkey PRIMARY KEY (key);


--
-- Name: artwork_contents artwork_contents_pkey; Type: CONSTRAINT; Schema: public; Owner: erinjohnson
--

ALTER TABLE ONLY public.artwork_contents
    ADD CONSTRAINT artwork_contents_pkey PRIMARY KEY (id);


--
-- Name: artwork_exhibitions artwork_exhibitions_pkey; Type: CONSTRAINT; Schema: public; Owner: erinjohnson
--

ALTER TABLE ONLY public.artwork_exhibitions
    ADD CONSTRAINT artwork_exhibitions_pkey PRIMARY KEY (id);


--
-- Name: artworks artworks_pkey; Type: CONSTRAINT; Schema: public; Owner: erinjohnson
--

ALTER TABLE ONLY public.artworks
    ADD CONSTRAINT artworks_pkey PRIMARY KEY (id);


--
-- Name: contents contents_pkey; Type: CONSTRAINT; Schema: public; Owner: erinjohnson
--

ALTER TABLE ONLY public.contents
    ADD CONSTRAINT contents_pkey PRIMARY KEY (id);


--
-- Name: exhibition_likes exhibition_likes_pkey; Type: CONSTRAINT; Schema: public; Owner: erinjohnson
--

ALTER TABLE ONLY public.exhibition_likes
    ADD CONSTRAINT exhibition_likes_pkey PRIMARY KEY (id);


--
-- Name: exhibitions exhibitions_pkey; Type: CONSTRAINT; Schema: public; Owner: erinjohnson
--

ALTER TABLE ONLY public.exhibitions
    ADD CONSTRAINT exhibitions_pkey PRIMARY KEY (id);


--
-- Name: relationships relationships_pkey; Type: CONSTRAINT; Schema: public; Owner: erinjohnson
--

ALTER TABLE ONLY public.relationships
    ADD CONSTRAINT relationships_pkey PRIMARY KEY (id);


--
-- Name: schema_migrations schema_migrations_pkey; Type: CONSTRAINT; Schema: public; Owner: erinjohnson
--

ALTER TABLE ONLY public.schema_migrations
    ADD CONSTRAINT schema_migrations_pkey PRIMARY KEY (version);


--
-- Name: users users_pkey; Type: CONSTRAINT; Schema: public; Owner: erinjohnson
--

ALTER TABLE ONLY public.users
    ADD CONSTRAINT users_pkey PRIMARY KEY (id);


--
-- Name: index_artwork_contents_on_artwork_id; Type: INDEX; Schema: public; Owner: erinjohnson
--

CREATE INDEX index_artwork_contents_on_artwork_id ON public.artwork_contents USING btree (artwork_id);


--
-- Name: index_artwork_contents_on_content_id; Type: INDEX; Schema: public; Owner: erinjohnson
--

CREATE INDEX index_artwork_contents_on_content_id ON public.artwork_contents USING btree (content_id);


--
-- Name: index_artwork_exhibitions_on_artwork_id; Type: INDEX; Schema: public; Owner: erinjohnson
--

CREATE INDEX index_artwork_exhibitions_on_artwork_id ON public.artwork_exhibitions USING btree (artwork_id);


--
-- Name: index_artwork_exhibitions_on_exhibition_id; Type: INDEX; Schema: public; Owner: erinjohnson
--

CREATE INDEX index_artwork_exhibitions_on_exhibition_id ON public.artwork_exhibitions USING btree (exhibition_id);


--
-- Name: index_exhibition_likes_on_exhibition_id; Type: INDEX; Schema: public; Owner: erinjohnson
--

CREATE INDEX index_exhibition_likes_on_exhibition_id ON public.exhibition_likes USING btree (exhibition_id);


--
-- Name: index_exhibition_likes_on_user_id; Type: INDEX; Schema: public; Owner: erinjohnson
--

CREATE INDEX index_exhibition_likes_on_user_id ON public.exhibition_likes USING btree (user_id);


--
-- Name: index_exhibitions_on_user_id; Type: INDEX; Schema: public; Owner: erinjohnson
--

CREATE INDEX index_exhibitions_on_user_id ON public.exhibitions USING btree (user_id);


--
-- Name: index_relationships_on_followed_id; Type: INDEX; Schema: public; Owner: erinjohnson
--

CREATE INDEX index_relationships_on_followed_id ON public.relationships USING btree (followed_id);


--
-- Name: index_relationships_on_follower_id; Type: INDEX; Schema: public; Owner: erinjohnson
--

CREATE INDEX index_relationships_on_follower_id ON public.relationships USING btree (follower_id);


--
-- Name: index_relationships_on_follower_id_and_followed_id; Type: INDEX; Schema: public; Owner: erinjohnson
--

CREATE UNIQUE INDEX index_relationships_on_follower_id_and_followed_id ON public.relationships USING btree (follower_id, followed_id);


--
-- Name: artwork_exhibitions fk_rails_0ab1bd803e; Type: FK CONSTRAINT; Schema: public; Owner: erinjohnson
--

ALTER TABLE ONLY public.artwork_exhibitions
    ADD CONSTRAINT fk_rails_0ab1bd803e FOREIGN KEY (exhibition_id) REFERENCES public.exhibitions(id);


--
-- Name: artwork_contents fk_rails_547b94ed6b; Type: FK CONSTRAINT; Schema: public; Owner: erinjohnson
--

ALTER TABLE ONLY public.artwork_contents
    ADD CONSTRAINT fk_rails_547b94ed6b FOREIGN KEY (artwork_id) REFERENCES public.artworks(id);


--
-- Name: exhibition_likes fk_rails_882537e2c7; Type: FK CONSTRAINT; Schema: public; Owner: erinjohnson
--

ALTER TABLE ONLY public.exhibition_likes
    ADD CONSTRAINT fk_rails_882537e2c7 FOREIGN KEY (user_id) REFERENCES public.users(id);


--
-- Name: exhibition_likes fk_rails_9884f2dd01; Type: FK CONSTRAINT; Schema: public; Owner: erinjohnson
--

ALTER TABLE ONLY public.exhibition_likes
    ADD CONSTRAINT fk_rails_9884f2dd01 FOREIGN KEY (exhibition_id) REFERENCES public.exhibitions(id);


--
-- Name: artwork_exhibitions fk_rails_abe0dd64cc; Type: FK CONSTRAINT; Schema: public; Owner: erinjohnson
--

ALTER TABLE ONLY public.artwork_exhibitions
    ADD CONSTRAINT fk_rails_abe0dd64cc FOREIGN KEY (artwork_id) REFERENCES public.artworks(id);


--
-- Name: artwork_contents fk_rails_b8c545ddc9; Type: FK CONSTRAINT; Schema: public; Owner: erinjohnson
--

ALTER TABLE ONLY public.artwork_contents
    ADD CONSTRAINT fk_rails_b8c545ddc9 FOREIGN KEY (content_id) REFERENCES public.contents(id);


--
-- Name: exhibitions fk_rails_d93e2fe8ae; Type: FK CONSTRAINT; Schema: public; Owner: erinjohnson
--

ALTER TABLE ONLY public.exhibitions
    ADD CONSTRAINT fk_rails_d93e2fe8ae FOREIGN KEY (user_id) REFERENCES public.users(id);


--
-- PostgreSQL database dump complete
--

